,timestamp,Temps écoulé,4069 state,Battery voltage,Flow SP,Unit Code,Flow M,Pressure,Temperature,Latitude,Longitude,Altitude,Head. Rel. True North,Pressure.1,Temperature.1,Humidity,MDA Wnd Dir,MDA Wnd Speed,MWD Wind Dir,MWD Wind Speed,Gaz Concentration 1,Gaz Concentration 2,Gaz Concentration 3,Gaz Concentration 4,SPA 1,SPA 2,Cellule Photo,Temperature.2,Pressure.2,Flow MassFlow 1,NOTUSED Flow MassFlow 2,Flow,Humidity.1,Test,Details,SPA 3,SPA 4,CavityPressure,CavityTemp,CH4,CH4_dry,C2H6,C2H6_dry,13CH4,H2O,CO2,C2C1Ratio,Delta_iCH4_Raw,HP_Delta_iCH4_30s,HP_Delta_iCH4_2min,HP_Delta_iCH4_5min
0,1570007462000,0,1.01,888888.0,9.0,17.0,0.0,1.008,19.933,43.247596,-0.384963,91.6,34.2,1.015,14.6,87.1,323.6,1.7,324.3,1.6,0.0,0.0,0.0,0.0,0.0,0.0,0.0,0.0,0.0,0.0,0.0,0.0,0.0,0.0,0.0,0.0,0.0,999.0,0.0,0.0,0.0,0.0,0.0,0.0,0.0,0.0,0.0,0.0,0.0,0.0,0.0
1,1570007463000,1,1.01,888888.0,9.0,17.0,0.0,1.008,19.955,43.247597,-0.384963,91.7,34.2,1.015,14.6,87.2,317.7,2.2,320.9,2.0,0.0,0.0,0.0,0.0,0.0,0.0,0.0,0.0,0.0,0.0,0.0,0.0,0.0,0.0,0.0,0.0,0.0,999.0,0.0,0.0,0.0,0.0,0.0,0.0,0.0,0.0,0.0,0.0,0.0,0.0,0.0
2,1570007464000,2,1.01,888888.0,9.0,17.0,0.0,1.008,19.955,43.247597,-0.384963,91.7,34.2,1.015,14.6,87.2,317.7,2.2,320.9,2.0,0.0,0.0,0.0,0.0,0.0,0.0,0.0,0.0,0.0,0.0,0.0,0.0,0.0,0.0,0.0,0.0,0.0,999.0,0.0,0.0,0.0,0.0,0.0,0.0,0.0,0.0,0.0,0.0,0.0,0.0,0.0
3,1570007465000,3,1.01,888888.0,9.0,17.0,0.0,1.008,19.944000000000003,43.247597,-0.384963,91.7,34.2,1.015,14.6,87.2,317.7,2.2,320.9,2.0,0.0,0.0,0.0,0.0,0.0,0.0,0.0,0.0,0.0,0.0,0.0,0.0,0.0,0.0,0.0,0.0,0.0,999.0,0.0,0.0,0.0,0.0,0.0,0.0,0.0,0.0,0.0,0.0,0.0,0.0,0.0
4,1570007466000,4,1.01,888888.0,9.0,17.0,0.0,1.008,19.944000000000003,43.247597,-0.384963,91.8,34.2,1.015,14.6,87.2,316.8,3.4,315.8,3.5,0.0,0.0,0.0,0.0,0.0,0.0,0.0,0.0,0.0,0.0,0.0,0.0,0.0,0.0,0.0,0.0,0.0,999.0,0.0,0.0,0.0,0.0,0.0,0.0,0.0,0.0,0.0,0.0,0.0,0.0,0.0
5,1570007467000,5,1.01,888888.0,9.0,17.0,0.0,1.008,19.944000000000003,43.247597,-0.384963,91.8,34.2,1.015,14.6,87.2,316.8,3.4,315.8,3.5,0.0,0.0,0.0,0.0,0.0,0.0,0.0,0.0,0.0,0.0,0.0,0.0,0.0,0.0,0.0,0.0,0.0,999.0,0.0,0.0,0.0,0.0,0.0,0.0,0.0,0.0,0.0,0.0,0.0,0.0,0.0
6,1570007468000,6,1.01,888888.0,9.0,17.0,0.0,1.008,19.965999999999998,43.247597,-0.384963,91.8,34.2,1.015,14.6,87.2,316.8,3.4,315.8,3.5,0.0,0.0,0.0,0.0,0.0,0.0,0.0,0.0,0.0,0.0,0.0,0.0,0.0,0.0,0.0,0.0,0.0,999.0,0.0,0.0,0.0,0.0,0.0,0.0,0.0,0.0,0.0,0.0,0.0,0.0,0.0
7,1570007469000,7,1.01,888888.0,9.0,17.0,0.0,1.008,19.955,43.247597999999996,-0.384964,91.9,34.1,1.015,14.6,87.2,290.8,2.8,292.2,2.8,0.0,0.0,0.0,0.0,0.0,0.0,0.0,0.0,0.0,0.0,0.0,0.0,0.0,0.0,0.0,0.0,0.0,999.0,0.0,0.0,0.0,0.0,0.0,0.0,0.0,0.0,0.0,0.0,0.0,0.0,0.0
8,1570007470000,8,1.01,888888.0,9.0,17.0,0.0,1.008,19.965999999999998,43.247597999999996,-0.384964,91.9,34.1,1.015,14.6,87.2,290.8,2.8,292.2,2.8,0.0,0.0,0.0,0.0,0.0,0.0,0.0,0.0,0.0,0.0,0.0,0.0,0.0,0.0,0.0,0.0,0.0,999.0,0.0,0.0,0.0,0.0,0.0,0.0,0.0,0.0,0.0,0.0,0.0,0.0,0.0
9,1570007471000,9,1.01,888888.0,9.0,17.0,0.0,1.008,19.955,43.247597999999996,-0.384964,91.9,34.1,1.015,14.6,87.2,290.8,2.8,292.2,2.8,0.0,0.0,0.0,0.0,0.0,0.0,0.0,0.0,0.0,0.0,0.0,0.0,0.0,0.0,0.0,0.0,0.0,999.0,0.0,0.0,0.0,0.0,0.0,0.0,0.0,0.0,0.0,0.0,0.0,0.0,0.0
10,1570007472000,10,1.01,888888.0,9.0,17.0,0.0,1.008,19.944000000000003,43.247599,-0.384965,91.8,34.2,1.015,14.6,87.2,302.3,2.9,301.7,2.9,0.0,0.0,0.0,0.0,0.0,0.0,0.0,0.0,0.0,0.0,0.0,0.0,0.0,0.0,0.0,0.0,0.0,999.0,0.0,0.0,0.0,0.0,0.0,0.0,0.0,0.0,0.0,0.0,0.0,0.0,0.0
11,1570007473000,11,1.01,888888.0,9.0,17.0,0.0,1.008,19.955,43.247599,-0.384965,91.8,34.2,1.015,14.6,87.2,302.3,2.9,301.7,2.9,0.0,0.0,0.0,0.0,0.0,0.0,0.0,0.0,0.0,0.0,0.0,0.0,0.0,0.0,0.0,0.0,0.0,999.0,0.0,0.0,0.0,0.0,0.0,0.0,0.0,0.0,0.0,0.0,0.0,0.0,0.0
12,1570007474000,12,1.01,888888.0,9.0,17.0,0.0,1.008,19.944000000000003,43.247599,-0.384965,91.8,34.2,1.015,14.6,87.2,302.3,2.9,301.7,2.9,0.0,0.0,0.0,0.0,0.0,0.0,0.0,0.0,0.0,0.0,0.0,0.0,0.0,0.0,0.0,0.0,0.0,999.0,0.0,0.0,0.0,0.0,0.0,0.0,0.0,0.0,0.0,0.0,0.0,0.0,0.0
13,1570007475000,13,1.01,888888.0,9.0,17.0,0.0,1.008,19.955,43.2476,-0.384966,91.4,34.1,1.015,14.6,87.2,289.4,2.9,294.4,2.8,0.0,0.0,0.0,0.0,0.0,0.0,0.0,0.0,0.0,0.0,0.0,0.0,0.0,0.0,0.0,0.0,0.0,999.0,0.0,0.0,0.0,0.0,0.0,0.0,0.0,0.0,0.0,0.0,0.0,0.0,0.0
14,1570007476000,14,1.01,888888.0,9.0,17.0,0.0,1.008,19.944000000000003,43.2476,-0.384966,91.4,34.1,1.015,14.6,87.2,289.4,2.9,294.4,2.8,0.0,0.0,0.0,0.0,0.0,0.0,0.0,0.0,0.0,0.0,0.0,0.0,0.0,0.0,0.0,0.0,0.0,999.0,0.0,0.0,0.0,0.0,0.0,0.0,0.0,0.0,0.0,0.0,0.0,0.0,0.0
15,1570007477000,15,1.01,888888.0,9.0,17.0,0.0,1.008,19.965999999999998,43.2476,-0.384966,91.4,34.1,1.015,14.6,87.2,289.4,2.9,294.4,2.8,0.0,0.0,0.0,0.0,0.0,0.0,0.0,0.0,0.0,0.0,0.0,0.0,0.0,0.0,0.0,0.0,0.0,999.0,0.0,0.0,0.0,0.0,0.0,0.0,0.0,0.0,0.0,0.0,0.0,0.0,0.0
16,1570007478000,16,1.01,888888.0,9.0,17.0,0.0,1.008,19.955,43.247599,-0.384963,91.1,34.1,1.015,14.6,87.2,291.1,3.1,299.7,3.5,0.0,0.0,0.0,0.0,0.0,0.0,0.0,0.0,0.0,0.0,0.0,0.0,0.0,0.0,0.0,0.0,0.0,999.0,0.0,0.0,0.0,0.0,0.0,0.0,0.0,0.0,0.0,0.0,0.0,0.0,0.0
17,1570007479000,17,1.01,888888.0,9.0,17.0,0.0,1.008,19.965999999999998,43.247599,-0.384963,91.1,34.1,1.015,14.6,87.2,291.1,3.1,299.7,3.5,0.0,0.0,0.0,0.0,0.0,0.0,0.0,0.0,0.0,0.0,0.0,0.0,0.0,0.0,0.0,0.0,0.0,999.0,0.0,0.0,0.0,0.0,0.0,0.0,0.0,0.0,0.0,0.0,0.0,0.0,0.0
18,1570007480000,18,1.01,888888.0,9.0,17.0,0.0,1.008,19.965999999999998,43.247599,-0.384963,91.1,34.1,1.015,14.6,87.2,291.1,3.1,299.7,3.5,0.0,0.0,0.0,0.0,0.0,0.0,0.0,0.0,0.0,0.0,0.0,0.0,0.0,0.0,0.0,0.0,0.0,999.0,0.0,0.0,0.0,0.0,0.0,0.0,0.0,0.0,0.0,0.0,0.0,0.0,0.0
19,1570007481000,19,1.01,888888.0,9.0,17.0,0.0,1.008,19.965999999999998,43.247597,-0.384961,91.0,34.2,1.015,14.6,87.2,300.7,3.0,297.9,3.4,0.0,0.0,0.0,0.0,0.0,0.0,0.0,0.0,0.0,0.0,0.0,0.0,0.0,0.0,0.0,0.0,0.0,999.0,0.0,0.0,0.0,0.0,0.0,0.0,0.0,0.0,0.0,0.0,0.0,0.0,0.0
20,1570007482000,20,1.01,888888.0,9.0,17.0,0.0,1.008,19.955,43.247597,-0.384961,91.0,34.2,1.015,14.6,87.2,300.7,3.0,297.9,3.4,0.0,0.0,0.0,0.0,0.0,0.0,0.0,0.0,0.0,0.0,0.0,0.0,0.0,0.0,0.0,0.0,0.0,999.0,0.0,0.0,0.0,0.0,0.0,0.0,0.0,0.0,0.0,0.0,0.0,0.0,0.0
21,1570007483000,21,1.01,888888.0,9.0,17.0,0.0,1.008,19.955,43.247597,-0.384961,91.0,34.2,1.015,14.6,87.2,300.7,3.0,297.9,3.4,0.0,0.0,0.0,0.0,0.0,0.0,0.0,0.0,0.0,0.0,0.0,0.0,0.0,0.0,0.0,0.0,0.0,999.0,0.0,0.0,0.0,0.0,0.0,0.0,0.0,0.0,0.0,0.0,0.0,0.0,0.0
22,1570007484000,22,1.01,888888.0,9.0,17.0,0.0,1.008,19.965999999999998,43.247596,-0.38495999999999997,91.3,34.1,1.015,14.6,87.2,296.6,3.0,298.6,3.0,0.0,0.0,0.0,0.0,0.0,0.0,0.0,0.0,0.0,0.0,0.0,0.0,0.0,0.0,0.0,0.0,0.0,999.0,0.0,0.0,0.0,0.0,0.0,0.0,0.0,0.0,0.0,0.0,0.0,0.0,0.0
23,1570007485000,23,1.01,888888.0,9.0,17.0,0.0,1.008,19.965999999999998,43.247596,-0.38495999999999997,91.3,34.1,1.015,14.6,87.2,296.6,3.0,298.6,3.0,0.0,0.0,0.0,0.0,0.0,0.0,0.0,0.0,0.0,0.0,0.0,0.0,0.0,0.0,0.0,0.0,0.0,999.0,0.0,0.0,0.0,0.0,0.0,0.0,0.0,0.0,0.0,0.0,0.0,0.0,0.0
24,1570007486000,24,1.01,888888.0,9.0,17.0,0.0,1.008,19.977,43.247596,-0.38495999999999997,91.3,34.1,1.015,14.6,87.2,296.6,3.0,298.6,3.0,0.0,0.0,0.0,0.0,0.0,0.0,0.0,0.0,0.0,0.0,0.0,0.0,0.0,0.0,0.0,0.0,0.0,999.0,0.0,0.0,0.0,0.0,0.0,0.0,0.0,0.0,0.0,0.0,0.0,0.0,0.0
25,1570007487000,25,1.01,888888.0,9.0,17.0,0.0,1.008,19.965999999999998,43.247595000000004,-0.38495799999999997,91.5,34.2,1.015,14.6,87.2,285.9,2.6,298.9,2.8,0.0,0.0,0.0,0.0,0.0,0.0,0.0,0.0,0.0,0.0,0.0,0.0,0.0,0.0,0.0,0.0,0.0,999.0,0.0,0.0,0.0,0.0,0.0,0.0,0.0,0.0,0.0,0.0,0.0,0.0,0.0
26,1570007488000,26,1.01,888888.0,9.0,17.0,0.0,1.008,19.965999999999998,43.247595000000004,-0.38495799999999997,91.5,34.2,1.015,14.6,87.2,285.9,2.6,298.9,2.8,0.0,0.0,0.0,0.0,0.0,0.0,0.0,0.0,0.0,0.0,0.0,0.0,0.0,0.0,0.0,0.0,0.0,999.0,0.0,0.0,0.0,0.0,0.0,0.0,0.0,0.0,0.0,0.0,0.0,0.0,0.0
27,1570007489000,27,1.01,888888.0,9.0,17.0,0.0,1.008,19.965999999999998,43.247595000000004,-0.38495799999999997,91.5,34.2,1.015,14.6,87.2,285.9,2.6,298.9,2.8,0.0,0.0,0.0,0.0,0.0,0.0,0.0,0.0,0.0,0.0,0.0,0.0,0.0,0.0,0.0,0.0,0.0,999.0,0.0,0.0,0.0,0.0,0.0,0.0,0.0,0.0,0.0,0.0,0.0,0.0,0.0
28,1570007490000,28,1.01,888888.0,9.0,17.0,0.0,1.008,19.988,43.247594,-0.384956,91.7,34.2,1.015,14.6,87.3,277.7,2.2,275.7,2.1,0.0,0.0,0.0,0.0,0.0,0.0,0.0,0.0,0.0,0.0,0.0,0.0,0.0,0.0,0.0,0.0,0.0,999.0,0.0,0.0,0.0,0.0,0.0,0.0,0.0,0.0,0.0,0.0,0.0,0.0,0.0
29,1570007491000,29,1.01,888888.0,9.0,17.0,0.0,1.008,19.965999999999998,43.247594,-0.384956,91.7,34.2,1.015,14.6,87.3,277.7,2.2,275.7,2.1,0.0,0.0,0.0,0.0,0.0,0.0,0.0,0.0,0.0,0.0,0.0,0.0,0.0,0.0,0.0,0.0,0.0,999.0,0.0,0.0,0.0,0.0,0.0,0.0,0.0,0.0,0.0,0.0,0.0,0.0,0.0
30,1570007492000,30,1.01,888888.0,9.0,17.0,0.0,1.008,19.965999999999998,43.247594,-0.384956,91.7,34.2,1.015,14.6,87.3,277.7,2.2,275.7,2.1,0.0,0.0,0.0,0.0,0.0,0.0,0.0,0.0,0.0,0.0,0.0,0.0,0.0,0.0,0.0,0.0,0.0,999.0,0.0,0.0,0.0,0.0,0.0,0.0,0.0,0.0,0.0,0.0,0.0,0.0,0.0
31,1570007493000,31,1.01,888888.0,9.0,17.0,0.0,1.008,19.965999999999998,43.247595000000004,-0.384956,91.9,34.2,1.015,14.6,87.3,294.8,2.8,291.9,2.8,0.0,0.0,0.0,0.0,0.0,0.0,0.0,0.0,0.0,0.0,0.0,0.0,0.0,0.0,0.0,0.0,0.0,999.0,0.0,0.0,0.0,0.0,0.0,0.0,0.0,0.0,0.0,0.0,0.0,0.0,0.0
32,1570007494000,32,1.01,888888.0,9.0,17.0,0.0,1.008,19.977,43.247595000000004,-0.384956,91.9,34.2,1.015,14.6,87.3,294.8,2.8,291.9,2.8,0.0,0.0,0.0,0.0,0.0,0.0,0.0,0.0,0.0,0.0,0.0,0.0,0.0,0.0,0.0,0.0,0.0,999.0,0.0,0.0,0.0,0.0,0.0,0.0,0.0,0.0,0.0,0.0,0.0,0.0,0.0
33,1570007495000,33,1.01,888888.0,9.0,17.0,0.0,1.008,19.988,43.247595000000004,-0.384956,91.9,34.2,1.015,14.6,87.3,294.8,2.8,291.9,2.8,0.0,0.0,0.0,0.0,0.0,0.0,0.0,0.0,0.0,0.0,0.0,0.0,0.0,0.0,0.0,0.0,0.0,999.0,0.0,0.0,0.0,0.0,0.0,0.0,0.0,0.0,0.0,0.0,0.0,0.0,0.0
34,1570007496000,34,1.01,888888.0,9.0,17.0,0.0,1.008,19.977,43.247596,-0.38495799999999997,92.2,34.1,1.015,14.6,87.3,287.5,3.1,286.1,3.1,0.0,0.0,0.0,0.0,0.0,0.0,0.0,0.0,0.0,0.0,0.0,0.0,0.0,0.0,0.0,0.0,0.0,999.0,0.0,0.0,0.0,0.0,0.0,0.0,0.0,0.0,0.0,0.0,0.0,0.0,0.0
35,1570007497000,35,1.01,888888.0,9.0,17.0,0.0,1.008,19.988,43.247596,-0.38495799999999997,92.2,34.1,1.015,14.6,87.3,287.5,3.1,286.1,3.1,0.0,0.0,0.0,0.0,0.0,0.0,0.0,0.0,0.0,0.0,0.0,0.0,0.0,0.0,0.0,0.0,0.0,999.0,0.0,0.0,0.0,0.0,0.0,0.0,0.0,0.0,0.0,0.0,0.0,0.0,0.0
36,1570007498000,36,1.01,888888.0,9.0,17.0,0.0,1.008,19.977,43.247596,-0.38495799999999997,92.2,34.1,1.015,14.6,87.3,287.5,3.1,286.1,3.1,0.0,0.0,0.0,0.0,0.0,0.0,0.0,0.0,0.0,0.0,0.0,0.0,0.0,0.0,0.0,0.0,0.0,999.0,0.0,0.0,0.0,0.0,0.0,0.0,0.0,0.0,0.0,0.0,0.0,0.0,0.0
37,1570007499000,37,1.01,888888.0,9.0,17.0,0.0,1.008,19.977,43.247597,-0.384961,92.3,34.2,1.015,14.6,87.3,285.5,2.9,288.5,2.8,0.0,0.0,0.0,0.0,0.0,0.0,0.0,0.0,0.0,0.0,0.0,0.0,0.0,0.0,0.0,0.0,0.0,999.0,0.0,0.0,0.0,0.0,0.0,0.0,0.0,0.0,0.0,0.0,0.0,0.0,0.0
38,1570007500000,38,1.01,888888.0,9.0,17.0,0.0,1.008,19.988,43.247597,-0.384961,92.3,34.2,1.015,14.6,87.3,285.5,2.9,288.5,2.8,0.0,0.0,0.0,0.0,0.0,0.0,0.0,0.0,0.0,0.0,0.0,0.0,0.0,0.0,0.0,0.0,0.0,999.0,0.0,0.0,0.0,0.0,0.0,0.0,0.0,0.0,0.0,0.0,0.0,0.0,0.0
39,1570007501000,39,1.01,888888.0,9.0,17.0,0.0,1.008,19.977,43.247597,-0.384961,92.3,34.2,1.015,14.6,87.3,285.5,2.9,288.5,2.8,0.0,0.0,0.0,0.0,0.0,0.0,0.0,0.0,0.0,0.0,0.0,0.0,0.0,0.0,0.0,0.0,0.0,999.0,0.0,0.0,0.0,0.0,0.0,0.0,0.0,0.0,0.0,0.0,0.0,0.0,0.0
40,1570007502000,40,1.01,888888.0,9.0,17.0,0.0,1.008,19.988,43.247597999999996,-0.384963,92.3,34.2,1.015,14.6,87.4,296.8,2.6,278.6,2.7,0.0,0.0,0.0,0.0,0.0,0.0,0.0,0.0,0.0,0.0,0.0,0.0,0.0,0.0,0.0,0.0,0.0,999.0,0.0,0.0,0.0,0.0,0.0,0.0,0.0,0.0,0.0,0.0,0.0,0.0,0.0
41,1570007503000,41,1.01,888888.0,9.0,17.0,0.0,1.008,19.977,43.247597999999996,-0.384963,92.3,34.2,1.015,14.6,87.4,296.8,2.6,278.6,2.7,0.0,0.0,0.0,0.0,0.0,0.0,0.0,0.0,0.0,0.0,0.0,0.0,0.0,0.0,0.0,0.0,0.0,999.0,0.0,0.0,0.0,0.0,0.0,0.0,0.0,0.0,0.0,0.0,0.0,0.0,0.0
42,1570007504000,42,1.01,888888.0,9.0,17.0,0.0,1.008,19.977,43.247597999999996,-0.384963,92.3,34.2,1.015,14.6,87.4,296.8,2.6,278.6,2.7,0.0,0.0,0.0,0.0,0.0,0.0,0.0,0.0,0.0,0.0,0.0,0.0,0.0,0.0,0.0,0.0,0.0,999.0,0.0,0.0,0.0,0.0,0.0,0.0,0.0,0.0,0.0,0.0,0.0,0.0,0.0
43,1570007505000,43,1.01,888888.0,9.0,17.0,0.0,1.008,19.988,43.247599,-0.384965,92.3,34.1,1.015,14.6,87.3,297.3,3.0,292.8,2.5,0.0,0.0,0.0,0.0,0.0,0.0,0.0,0.0,0.0,0.0,0.0,0.0,0.0,0.0,0.0,0.0,0.0,999.0,0.0,0.0,0.0,0.0,0.0,0.0,0.0,0.0,0.0,0.0,0.0,0.0,0.0
44,1570007506000,44,1.01,888888.0,9.0,17.0,0.0,1.008,19.988,43.247599,-0.384965,92.3,34.1,1.015,14.6,87.3,297.3,3.0,292.8,2.5,0.0,0.0,0.0,0.0,0.0,0.0,0.0,0.0,0.0,0.0,0.0,0.0,0.0,0.0,0.0,0.0,0.0,999.0,0.0,0.0,0.0,0.0,0.0,0.0,0.0,0.0,0.0,0.0,0.0,0.0,0.0
45,1570007507000,45,1.01,888888.0,9.0,17.0,0.0,1.008,19.988,43.247599,-0.384965,92.3,34.1,1.015,14.6,87.3,297.3,3.0,292.8,2.5,0.0,0.0,0.0,0.0,0.0,0.0,0.0,0.0,0.0,0.0,0.0,0.0,0.0,0.0,0.0,0.0,0.0,999.0,0.0,0.0,0.0,0.0,0.0,0.0,0.0,0.0,0.0,0.0,0.0,0.0,0.0
46,1570007508000,46,1.01,888888.0,9.0,17.0,0.0,1.008,19.988,43.247599,-0.384966,92.5,34.2,1.015,14.6,87.3,300.2,3.3,300.9,3.3,0.0,0.0,0.0,0.0,0.0,0.0,0.0,0.0,0.0,0.0,0.0,0.0,0.0,0.0,0.0,0.0,0.0,999.0,0.0,0.0,0.0,0.0,0.0,0.0,0.0,0.0,0.0,0.0,0.0,0.0,0.0
47,1570007509000,47,1.01,888888.0,9.0,17.0,0.0,1.008,19.999000000000002,43.247599,-0.384966,92.5,34.2,1.015,14.6,87.3,300.2,3.3,300.9,3.3,0.0,0.0,0.0,0.0,0.0,0.0,0.0,0.0,0.0,0.0,0.0,0.0,0.0,0.0,0.0,0.0,0.0,999.0,0.0,0.0,0.0,0.0,0.0,0.0,0.0,0.0,0.0,0.0,0.0,0.0,0.0
48,1570007510000,48,1.01,888888.0,9.0,17.0,0.0,1.008,19.977,43.247599,-0.384966,92.5,34.2,1.015,14.6,87.3,300.2,3.3,300.9,3.3,0.0,0.0,0.0,0.0,0.0,0.0,0.0,0.0,0.0,0.0,0.0,0.0,0.0,0.0,0.0,0.0,0.0,999.0,0.0,0.0,0.0,0.0,0.0,0.0,0.0,0.0,0.0,0.0,0.0,0.0,0.0
49,1570007511000,49,1.01,888888.0,9.0,17.0,0.0,1.008,19.999000000000002,43.247599,-0.384967,92.6,34.1,1.015,14.6,87.3,294.0,2.7,296.6,2.7,0.0,0.0,0.0,0.0,0.0,0.0,0.0,0.0,0.0,0.0,0.0,0.0,0.0,0.0,0.0,0.0,0.0,999.0,0.0,0.0,0.0,0.0,0.0,0.0,0.0,0.0,0.0,0.0,0.0,0.0,0.0
50,1570007512000,50,1.01,888888.0,9.0,17.0,0.0,1.008,19.988,43.247599,-0.384967,92.6,34.1,1.015,14.6,87.3,294.0,2.7,296.6,2.7,0.0,0.0,0.0,0.0,0.0,0.0,0.0,0.0,0.0,0.0,0.0,0.0,0.0,0.0,0.0,0.0,0.0,999.0,0.0,0.0,0.0,0.0,0.0,0.0,0.0,0.0,0.0,0.0,0.0,0.0,0.0
51,1570007513000,51,1.01,888888.0,9.0,17.0,0.0,1.008,19.988,43.247599,-0.384967,92.6,34.1,1.015,14.6,87.3,294.0,2.7,296.6,2.7,0.0,0.0,0.0,0.0,0.0,0.0,0.0,0.0,0.0,0.0,0.0,0.0,0.0,0.0,0.0,0.0,0.0,999.0,0.0,0.0,0.0,0.0,0.0,0.0,0.0,0.0,0.0,0.0,0.0,0.0,0.0
52,1570007514000,52,1.01,888888.0,9.0,17.0,0.0,1.008,19.999000000000002,43.247599,-0.384967,92.9,34.1,1.015,14.6,87.3,298.5,2.9,298.3,2.8,0.0,0.0,0.0,0.0,0.0,0.0,0.0,0.0,0.0,0.0,0.0,0.0,0.0,0.0,0.0,0.0,0.0,999.0,0.0,0.0,0.0,0.0,0.0,0.0,0.0,0.0,0.0,0.0,0.0,0.0,0.0
53,1570007515000,53,1.01,888888.0,9.0,17.0,0.17,1.008,19.999000000000002,43.247599,-0.384967,92.9,34.1,1.015,14.6,87.3,298.5,2.9,298.3,2.8,0.0,0.0,0.0,0.0,0.0,0.0,0.0,0.0,0.0,0.0,0.0,0.0,0.0,0.0,0.0,0.0,0.0,999.0,0.0,0.0,0.0,0.0,0.0,0.0,0.0,0.0,0.0,0.0,0.0,0.0,0.0
54,1570007516000,54,1.01,888888.0,9.0,17.0,0.15,1.008,20.01,43.247599,-0.384967,92.9,34.1,1.015,14.6,87.3,298.5,2.9,298.3,2.8,0.0,0.0,0.0,0.0,0.0,0.0,0.0,0.0,0.0,0.0,0.0,0.0,0.0,0.0,0.0,0.0,0.0,999.0,0.0,0.0,0.0,0.0,0.0,0.0,0.0,0.0,0.0,0.0,0.0,0.0,0.0
55,1570007517000,55,1.01,888888.0,9.0,17.0,0.16,1.008,19.999000000000002,43.247599,-0.384967,93.0,34.1,1.015,14.6,87.3,307.4,3.2,306.3,3.0,0.0,0.0,0.0,0.0,0.0,0.0,0.0,0.0,0.0,0.0,0.0,0.0,0.0,0.0,0.0,0.0,0.0,999.0,0.0,0.0,0.0,0.0,0.0,0.0,0.0,0.0,0.0,0.0,0.0,0.0,0.0
56,1570007518000,56,1.01,888888.0,9.0,17.0,0.15,1.008,20.01,43.247599,-0.384967,93.0,34.1,1.015,14.6,87.3,307.4,3.2,306.3,3.0,0.0,0.0,0.0,0.0,0.0,0.0,0.0,0.0,0.0,0.0,0.0,0.0,0.0,0.0,0.0,0.0,0.0,999.0,0.0,0.0,0.0,0.0,0.0,0.0,0.0,0.0,0.0,0.0,0.0,0.0,0.0
57,1570007519000,57,1.01,888888.0,9.0,17.0,0.16,1.008,19.999000000000002,43.247599,-0.384967,93.0,34.1,1.015,14.6,87.3,307.4,3.2,306.3,3.0,0.0,0.0,0.0,0.0,0.0,0.0,0.0,0.0,0.0,0.0,0.0,0.0,0.0,0.0,0.0,0.0,0.0,999.0,0.0,0.0,0.0,0.0,0.0,0.0,0.0,0.0,0.0,0.0,0.0,0.0,0.0
58,1570007520000,58,1.01,888888.0,9.0,17.0,0.16,1.008,19.988,43.247599,-0.384967,93.2,33.7,1.015,14.6,87.3,311.1,2.6,309.9,2.7,0.0,0.0,0.0,0.0,0.0,0.0,0.0,0.0,0.0,0.0,0.0,0.0,0.0,0.0,0.0,0.0,0.0,999.0,0.0,0.0,0.0,0.0,0.0,0.0,0.0,0.0,0.0,0.0,0.0,0.0,0.0
59,1570007521000,59,1.01,888888.0,9.0,17.0,0.15,1.008,20.01,43.247599,-0.384967,93.2,33.7,1.015,14.6,87.3,311.1,2.6,309.9,2.7,0.0,0.0,0.0,0.0,0.0,0.0,0.0,0.0,0.0,0.0,0.0,0.0,0.0,0.0,0.0,0.0,0.0,999.0,0.0,0.0,0.0,0.0,0.0,0.0,0.0,0.0,0.0,0.0,0.0,0.0,0.0
60,1570007522000,60,1.01,888888.0,9.0,17.0,0.15,1.008,19.999000000000002,43.247599,-0.384967,93.2,33.7,1.015,14.6,87.3,311.1,2.6,309.9,2.7,0.0,0.0,0.0,0.0,0.0,0.0,0.0,0.0,0.0,0.0,0.0,0.0,0.0,0.0,0.0,0.0,0.0,999.0,0.0,0.0,0.0,0.0,0.0,0.0,0.0,0.0,0.0,0.0,0.0,0.0,0.0
61,1570007523000,61,1.01,888888.0,9.0,17.0,0.15,1.008,19.988,43.247599,-0.384968,93.4,34.2,1.015,14.6,87.3,314.7,2.6,313.5,2.8,0.0,0.0,0.0,0.0,0.0,0.0,0.0,0.0,0.0,0.0,0.0,0.0,0.0,0.0,0.0,0.0,0.0,999.0,0.0,0.0,0.0,0.0,0.0,0.0,0.0,0.0,0.0,0.0,0.0,0.0,0.0
62,1570007524000,62,1.01,888888.0,9.0,17.0,0.16,1.008,20.01,43.247599,-0.384968,93.4,34.2,1.015,14.6,87.3,314.7,2.6,313.5,2.8,0.0,0.0,0.0,0.0,0.0,0.0,0.0,0.0,0.0,0.0,0.0,0.0,0.0,0.0,0.0,0.0,0.0,999.0,0.0,0.0,0.0,0.0,0.0,0.0,0.0,0.0,0.0,0.0,0.0,0.0,0.0
63,1570007525000,63,1.01,888888.0,9.0,17.0,0.15,1.008,20.01,43.247599,-0.384968,93.4,34.2,1.015,14.6,87.3,314.7,2.6,313.5,2.8,0.0,0.0,0.0,0.0,0.0,0.0,0.0,0.0,0.0,0.0,0.0,0.0,0.0,0.0,0.0,0.0,0.0,999.0,0.0,0.0,0.0,0.0,0.0,0.0,0.0,0.0,0.0,0.0,0.0,0.0,0.0
64,1570007526000,64,1.01,888888.0,9.0,17.0,0.15,1.008,19.988,43.247599,-0.384969,93.5,34.2,1.015,14.6,87.3,308.2,2.1,303.9,2.1,0.0,0.0,0.0,0.0,0.0,0.0,0.0,0.0,0.0,0.0,0.0,0.0,0.0,0.0,0.0,0.0,0.0,999.0,0.0,0.0,0.0,0.0,0.0,0.0,0.0,0.0,0.0,0.0,0.0,0.0,0.0
65,1570007527000,65,1.01,888888.0,9.0,17.0,0.15,1.008,20.021,43.247599,-0.384969,93.5,34.2,1.015,14.6,87.3,308.2,2.1,303.9,2.1,0.0,0.0,0.0,0.0,0.0,0.0,0.0,0.0,0.0,0.0,0.0,0.0,0.0,0.0,0.0,0.0,0.0,999.0,0.0,0.0,0.0,0.0,0.0,0.0,0.0,0.0,0.0,0.0,0.0,0.0,0.0
66,1570007528000,66,1.01,888888.0,9.0,17.0,0.15,1.008,20.021,43.247599,-0.384969,93.5,34.2,1.015,14.6,87.3,308.2,2.1,303.9,2.1,0.0,0.0,0.0,0.0,0.0,0.0,0.0,0.0,0.0,0.0,0.0,0.0,0.0,0.0,0.0,0.0,0.0,999.0,0.0,0.0,0.0,0.0,0.0,0.0,0.0,0.0,0.0,0.0,0.0,0.0,0.0
67,1570007529000,67,1.01,888888.0,9.0,17.0,0.16,1.008,19.999000000000002,43.247597999999996,-0.38497,93.7,34.2,1.015,14.6,87.3,300.5,2.1,301.2,2.1,0.0,0.0,0.0,0.0,0.0,0.0,0.0,0.0,0.0,0.0,0.0,0.0,0.0,0.0,0.0,0.0,0.0,999.0,0.0,0.0,0.0,0.0,0.0,0.0,0.0,0.0,0.0,0.0,0.0,0.0,0.0
68,1570007530000,68,1.01,888888.0,9.0,17.0,0.14,1.008,20.01,43.247597999999996,-0.38497,93.7,34.2,1.015,14.6,87.3,300.5,2.1,301.2,2.1,0.0,0.0,0.0,0.0,0.0,0.0,0.0,0.0,0.0,0.0,0.0,0.0,0.0,0.0,0.0,0.0,0.0,999.0,0.0,0.0,0.0,0.0,0.0,0.0,0.0,0.0,0.0,0.0,0.0,0.0,0.0
69,1570007531000,69,1.01,888888.0,9.0,17.0,0.16,1.008,20.021,43.247597999999996,-0.38497,93.7,34.2,1.015,14.6,87.3,300.5,2.1,301.2,2.1,0.0,0.0,0.0,0.0,0.0,0.0,0.0,0.0,0.0,0.0,0.0,0.0,0.0,0.0,0.0,0.0,0.0,999.0,0.0,0.0,0.0,0.0,0.0,0.0,0.0,0.0,0.0,0.0,0.0,0.0,0.0
70,1570007532000,70,1.01,888888.0,9.0,17.0,0.15,1.008,20.021,43.247597999999996,-0.384971,93.8,34.2,1.015,14.6,87.3,318.6,2.2,316.2,2.1,0.0,0.0,0.0,0.0,0.0,0.0,0.0,0.0,0.0,0.0,0.0,0.0,0.0,0.0,0.0,0.0,0.0,999.0,0.0,0.0,0.0,0.0,0.0,0.0,0.0,0.0,0.0,0.0,0.0,0.0,0.0
71,1570007533000,71,1.01,888888.0,9.0,17.0,0.15,1.008,20.021,43.247597999999996,-0.384971,93.8,34.2,1.015,14.6,87.3,318.6,2.2,316.2,2.1,0.0,0.0,0.0,0.0,0.0,0.0,0.0,0.0,0.0,0.0,0.0,0.0,0.0,0.0,0.0,0.0,0.0,999.0,0.0,0.0,0.0,0.0,0.0,0.0,0.0,0.0,0.0,0.0,0.0,0.0,0.0
72,1570007534000,72,1.01,888888.0,9.0,17.0,0.15,1.008,20.021,43.247597999999996,-0.384971,93.8,34.2,1.015,14.6,87.3,318.6,2.2,316.2,2.1,0.0,0.0,0.0,0.0,0.0,0.0,0.0,0.0,0.0,0.0,0.0,0.0,0.0,0.0,0.0,0.0,0.0,999.0,0.0,0.0,0.0,0.0,0.0,0.0,0.0,0.0,0.0,0.0,0.0,0.0,0.0
73,1570007535000,73,1.01,888888.0,9.0,17.0,0.15,1.008,20.021,43.247597999999996,-0.38497,93.8,34.2,1.015,14.6,87.3,318.2,2.4,319.9,2.3,0.0,0.0,0.0,0.0,0.0,0.0,0.0,0.0,0.0,0.0,0.0,0.0,0.0,0.0,0.0,0.0,0.0,999.0,0.0,0.0,0.0,0.0,0.0,0.0,0.0,0.0,0.0,0.0,0.0,0.0,0.0
74,1570007536000,74,1.01,888888.0,9.0,17.0,0.16,1.008,20.021,43.247597999999996,-0.38497,93.8,34.2,1.015,14.6,87.3,318.2,2.4,319.9,2.3,0.0,0.0,0.0,0.0,0.0,0.0,0.0,0.0,0.0,0.0,0.0,0.0,0.0,0.0,0.0,0.0,0.0,999.0,0.0,0.0,0.0,0.0,0.0,0.0,0.0,0.0,0.0,0.0,0.0,0.0,0.0
75,1570007537000,75,1.01,888888.0,9.0,17.0,0.16,1.008,20.01,43.247597999999996,-0.38497,93.8,34.2,1.015,14.6,87.3,318.2,2.4,319.9,2.3,0.0,0.0,0.0,0.0,0.0,0.0,0.0,0.0,0.0,0.0,0.0,0.0,0.0,0.0,0.0,0.0,0.0,999.0,0.0,0.0,0.0,0.0,0.0,0.0,0.0,0.0,0.0,0.0,0.0,0.0,0.0
76,1570007538000,76,1.01,888888.0,9.0,17.0,0.15,1.008,20.01,43.247597,-0.38497,93.7,34.2,1.015,14.6,87.3,315.5,2.3,315.6,2.2,0.0,0.0,0.0,0.0,0.0,0.0,0.0,0.0,0.0,0.0,0.0,0.0,0.0,0.0,0.0,0.0,0.0,999.0,0.0,0.0,0.0,0.0,0.0,0.0,0.0,0.0,0.0,0.0,0.0,0.0,0.0
77,1570007539000,77,1.01,888888.0,9.0,17.0,0.16,1.008,20.021,43.247597,-0.38497,93.7,34.2,1.015,14.6,87.3,315.5,2.3,315.6,2.2,0.0,0.0,0.0,0.0,0.0,0.0,0.0,0.0,0.0,0.0,0.0,0.0,0.0,0.0,0.0,0.0,0.0,999.0,0.0,0.0,0.0,0.0,0.0,0.0,0.0,0.0,0.0,0.0,0.0,0.0,0.0
78,1570007540000,78,1.01,888888.0,9.0,17.0,0.16,1.008,20.021,43.247597,-0.38497,93.7,34.2,1.015,14.6,87.3,315.5,2.3,315.6,2.2,0.0,0.0,0.0,0.0,0.0,0.0,0.0,0.0,0.0,0.0,0.0,0.0,0.0,0.0,0.0,0.0,0.0,999.0,0.0,0.0,0.0,0.0,0.0,0.0,0.0,0.0,0.0,0.0,0.0,0.0,0.0
79,1570007541000,79,1.01,888888.0,9.0,17.0,0.16,1.008,20.021,43.247597999999996,-0.384971,93.6,34.1,1.015,14.6,87.4,315.5,2.0,316.7,2.0,0.0,0.0,0.0,0.0,0.0,0.0,0.0,0.0,0.0,0.0,0.0,0.0,0.0,0.0,0.0,0.0,0.0,999.0,0.0,0.0,0.0,0.0,0.0,0.0,0.0,0.0,0.0,0.0,0.0,0.0,0.0
80,1570007542000,80,1.01,888888.0,9.0,17.0,0.16,1.008,20.031,43.247597999999996,-0.384971,93.6,34.1,1.015,14.6,87.4,315.5,2.0,316.7,2.0,0.0,0.0,0.0,0.0,0.0,0.0,0.0,0.0,0.0,0.0,0.0,0.0,0.0,0.0,0.0,0.0,0.0,999.0,0.0,0.0,0.0,0.0,0.0,0.0,0.0,0.0,0.0,0.0,0.0,0.0,0.0
81,1570007543000,81,1.01,888888.0,9.0,17.0,0.15,1.008,20.021,43.247597999999996,-0.384971,93.6,34.1,1.015,14.6,87.4,315.5,2.0,316.7,2.0,0.0,0.0,0.0,0.0,0.0,0.0,0.0,0.0,0.0,0.0,0.0,0.0,0.0,0.0,0.0,0.0,0.0,999.0,0.0,0.0,0.0,0.0,0.0,0.0,0.0,0.0,0.0,0.0,0.0,0.0,0.0
82,1570007544000,82,1.01,888888.0,9.0,17.0,0.15,1.008,20.031,43.247597999999996,-0.384971,93.5,34.2,1.015,14.6,87.4,314.8,2.1,315.0,2.1,0.0,0.0,0.0,0.0,0.0,0.0,0.0,0.0,0.0,0.0,0.0,0.0,0.0,0.0,0.0,0.0,0.0,999.0,0.0,0.0,0.0,0.0,0.0,0.0,0.0,0.0,0.0,0.0,0.0,0.0,0.0
83,1570007545000,83,1.01,888888.0,9.0,17.0,0.15,1.008,20.021,43.247597999999996,-0.384971,93.5,34.2,1.015,14.6,87.4,314.8,2.1,315.0,2.1,0.0,0.0,0.0,0.0,0.0,0.0,0.0,0.0,0.0,0.0,0.0,0.0,0.0,0.0,0.0,0.0,0.0,999.0,0.0,0.0,0.0,0.0,0.0,0.0,0.0,0.0,0.0,0.0,0.0,0.0,0.0
84,1570007546000,84,1.01,888888.0,9.0,17.0,0.16,1.008,20.031,43.247597999999996,-0.384971,93.5,34.2,1.015,14.6,87.4,314.8,2.1,315.0,2.1,0.0,0.0,0.0,0.0,0.0,0.0,0.0,0.0,0.0,0.0,0.0,0.0,0.0,0.0,0.0,0.0,0.0,999.0,0.0,0.0,0.0,0.0,0.0,0.0,0.0,0.0,0.0,0.0,0.0,0.0,0.0
85,1570007547000,85,1.01,888888.0,9.0,17.0,0.16,1.008,20.031,43.247599,-0.38497,93.5,34.2,1.015,14.6,87.4,313.2,2.1,310.4,2.1,0.0,0.0,0.0,0.0,0.0,0.0,0.0,0.0,0.0,0.0,0.0,0.0,0.0,0.0,0.0,0.0,0.0,999.0,0.0,0.0,0.0,0.0,0.0,0.0,0.0,0.0,0.0,0.0,0.0,0.0,0.0
86,1570007548000,86,1.01,888888.0,9.0,17.0,0.16,1.008,20.021,43.247599,-0.38497,93.5,34.2,1.015,14.6,87.4,313.2,2.1,310.4,2.1,0.0,0.0,0.0,0.0,0.0,0.0,0.0,0.0,0.0,0.0,0.0,0.0,0.0,0.0,0.0,0.0,0.0,999.0,0.0,0.0,0.0,0.0,0.0,0.0,0.0,0.0,0.0,0.0,0.0,0.0,0.0
87,1570007549000,87,1.01,888888.0,9.0,17.0,0.17,1.008,20.031,43.247599,-0.38497,93.5,34.2,1.015,14.6,87.4,313.2,2.1,310.4,2.1,0.0,0.0,0.0,0.0,0.0,0.0,0.0,0.0,0.0,0.0,0.0,0.0,0.0,0.0,0.0,0.0,0.0,999.0,0.0,0.0,0.0,0.0,0.0,0.0,0.0,0.0,0.0,0.0,0.0,0.0,0.0
88,1570007550000,88,1.01,888888.0,9.0,17.0,0.16,1.008,20.043,43.2476,-0.38497,93.6,34.1,1.015,14.6,87.4,301.5,2.1,304.1,1.9,0.0,0.0,0.0,0.0,0.0,0.0,0.0,0.0,0.0,0.0,0.0,0.0,0.0,0.0,0.0,0.0,0.0,999.0,0.0,0.0,0.0,0.0,0.0,0.0,0.0,0.0,0.0,0.0,0.0,0.0,0.0
89,1570007551000,89,1.01,888888.0,9.0,17.0,0.17,1.008,20.043,43.2476,-0.38497,93.6,34.1,1.015,14.6,87.4,301.5,2.1,304.1,1.9,0.0,0.0,0.0,0.0,0.0,0.0,0.0,0.0,0.0,0.0,0.0,0.0,0.0,0.0,0.0,0.0,0.0,999.0,0.0,0.0,0.0,0.0,0.0,0.0,0.0,0.0,0.0,0.0,0.0,0.0,0.0
90,1570007552000,90,1.01,888888.0,9.0,17.0,0.17,1.008,20.043,43.2476,-0.38497,93.6,34.1,1.015,14.6,87.4,301.5,2.1,304.1,1.9,0.0,0.0,0.0,0.0,0.0,0.0,0.0,0.0,0.0,0.0,0.0,0.0,0.0,0.0,0.0,0.0,0.0,999.0,0.0,0.0,0.0,0.0,0.0,0.0,0.0,0.0,0.0,0.0,0.0,0.0,0.0
91,1570007553000,91,1.01,888888.0,9.0,17.0,0.15,1.008,20.031,43.2476,-0.384971,93.4,34.1,1.015,14.6,87.5,304.1,2.6,304.1,2.2,0.0,0.0,0.0,0.0,0.0,0.0,0.0,0.0,0.0,0.0,0.0,0.0,0.0,0.0,0.0,0.0,0.0,999.0,0.0,0.0,0.0,0.0,0.0,0.0,0.0,0.0,0.0,0.0,0.0,0.0,0.0
92,1570007554000,92,1.01,888888.0,9.0,17.0,0.16,1.008,20.031,43.2476,-0.384971,93.4,34.1,1.015,14.6,87.5,304.1,2.6,304.1,2.2,0.0,0.0,0.0,0.0,0.0,0.0,0.0,0.0,0.0,0.0,0.0,0.0,0.0,0.0,0.0,0.0,0.0,999.0,0.0,0.0,0.0,0.0,0.0,0.0,0.0,0.0,0.0,0.0,0.0,0.0,0.0
93,1570007555000,93,1.01,888888.0,9.0,17.0,0.15,1.008,20.043,43.2476,-0.384971,93.4,34.1,1.015,14.6,87.5,304.1,2.6,304.1,2.2,0.0,0.0,0.0,0.0,0.0,0.0,0.0,0.0,0.0,0.0,0.0,0.0,0.0,0.0,0.0,0.0,0.0,999.0,0.0,0.0,0.0,0.0,0.0,0.0,0.0,0.0,0.0,0.0,0.0,0.0,0.0
94,1570007556000,94,1.01,888888.0,9.0,17.0,0.16,1.008,20.021,43.247601,-0.384972,93.2,34.1,1.015,14.6,87.5,314.2,3.4,309.7,3.1,0.0,0.0,0.0,0.0,0.0,0.0,0.0,0.0,0.0,0.0,0.0,0.0,0.0,0.0,0.0,0.0,0.0,999.0,0.0,0.0,0.0,0.0,0.0,0.0,0.0,0.0,0.0,0.0,0.0,0.0,0.0
95,1570007557000,95,1.01,888888.0,9.0,17.0,0.16,1.008,20.043,43.247601,-0.384972,93.2,34.1,1.015,14.6,87.5,314.2,3.4,309.7,3.1,0.0,0.0,0.0,0.0,0.0,0.0,0.0,0.0,0.0,0.0,0.0,0.0,0.0,0.0,0.0,0.0,0.0,999.0,0.0,0.0,0.0,0.0,0.0,0.0,0.0,0.0,0.0,0.0,0.0,0.0,0.0
96,1570007558000,96,1.01,888888.0,9.0,17.0,0.17,1.008,20.053,43.247601,-0.384972,93.2,34.1,1.015,14.6,87.5,314.2,3.4,309.7,3.1,0.0,0.0,0.0,0.0,0.0,0.0,0.0,0.0,0.0,0.0,0.0,0.0,0.0,0.0,0.0,0.0,0.0,999.0,0.0,0.0,0.0,0.0,0.0,0.0,0.0,0.0,0.0,0.0,0.0,0.0,0.0
97,1570007559000,97,1.01,888888.0,9.0,17.0,0.17,1.008,20.053,43.247601,-0.384973,93.0,34.2,1.015,14.6,87.5,300.3,3.3,307.0,2.9,0.0,0.0,0.0,0.0,0.0,0.0,0.0,0.0,0.0,0.0,0.0,0.0,0.0,0.0,0.0,0.0,0.0,999.0,0.0,0.0,0.0,0.0,0.0,0.0,0.0,0.0,0.0,0.0,0.0,0.0,0.0
98,1570007560000,98,1.01,888888.0,9.0,17.0,0.17,1.008,20.053,43.247601,-0.384973,93.0,34.2,1.015,14.6,87.5,300.3,3.3,307.0,2.9,0.0,0.0,0.0,0.0,0.0,0.0,0.0,0.0,0.0,0.0,0.0,0.0,0.0,0.0,0.0,0.0,0.0,999.0,0.0,0.0,0.0,0.0,0.0,0.0,0.0,0.0,0.0,0.0,0.0,0.0,0.0
99,1570007561000,99,1.01,888888.0,9.0,17.0,0.16,1.008,20.064,43.247601,-0.384973,93.0,34.2,1.015,14.6,87.5,300.3,3.3,307.0,2.9,0.0,0.0,0.0,0.0,0.0,0.0,0.0,0.0,0.0,0.0,0.0,0.0,0.0,0.0,0.0,0.0,0.0,999.0,0.0,0.0,0.0,0.0,0.0,0.0,0.0,0.0,0.0,0.0,0.0,0.0,0.0
100,1570007562000,100,1.01,888888.0,9.0,17.0,0.17,1.008,20.031,43.247602,-0.384973,92.9,34.2,1.015,14.6,87.5,304.0,3.3,301.4,3.2,0.0,0.0,0.0,0.0,0.0,0.0,0.0,0.0,0.0,0.0,0.0,0.0,0.0,0.0,0.0,0.0,0.0,999.0,0.0,0.0,0.0,0.0,0.0,0.0,0.0,0.0,0.0,0.0,0.0,0.0,0.0
101,1570007563000,101,1.01,888888.0,9.0,17.0,0.16,1.008,20.043,43.247602,-0.384973,92.9,34.2,1.015,14.6,87.5,304.0,3.3,301.4,3.2,0.0,0.0,0.0,0.0,0.0,0.0,0.0,0.0,0.0,0.0,0.0,0.0,0.0,0.0,0.0,0.0,0.0,999.0,0.0,0.0,0.0,0.0,0.0,0.0,0.0,0.0,0.0,0.0,0.0,0.0,0.0
102,1570007564000,102,1.01,888888.0,9.0,17.0,0.17,1.008,20.053,43.247602,-0.384973,92.9,34.2,1.015,14.6,87.5,304.0,3.3,301.4,3.2,0.0,0.0,0.0,0.0,0.0,0.0,0.0,0.0,0.0,0.0,0.0,0.0,0.0,0.0,0.0,0.0,0.0,999.0,0.0,0.0,0.0,0.0,0.0,0.0,0.0,0.0,0.0,0.0,0.0,0.0,0.0
103,1570007565000,103,1.01,888888.0,9.0,17.0,0.17,1.008,20.053,43.247602,-0.384974,92.9,34.2,1.015,14.6,87.5,295.9,2.6,299.3,2.8,0.0,0.0,0.0,0.0,0.0,0.0,0.0,0.0,0.0,0.0,0.0,0.0,0.0,0.0,0.0,0.0,0.0,999.0,0.0,0.0,0.0,0.0,0.0,0.0,0.0,0.0,0.0,0.0,0.0,0.0,0.0
104,1570007566000,104,1.01,888888.0,9.0,17.0,0.17,1.008,20.053,43.247602,-0.384974,92.9,34.2,1.015,14.6,87.5,295.9,2.6,299.3,2.8,0.0,0.0,0.0,0.0,0.0,0.0,0.0,0.0,0.0,0.0,0.0,0.0,0.0,0.0,0.0,0.0,0.0,999.0,0.0,0.0,0.0,0.0,0.0,0.0,0.0,0.0,0.0,0.0,0.0,0.0,0.0
105,1570007567000,105,1.01,888888.0,9.0,17.0,0.16,1.008,20.064,43.247602,-0.384974,92.9,34.2,1.015,14.6,87.5,295.9,2.6,299.3,2.8,0.0,0.0,0.0,0.0,0.0,0.0,0.0,0.0,0.0,0.0,0.0,0.0,0.0,0.0,0.0,0.0,0.0,999.0,0.0,0.0,0.0,0.0,0.0,0.0,0.0,0.0,0.0,0.0,0.0,0.0,0.0
106,1570007568000,106,1.01,888888.0,9.0,17.0,0.15,1.008,20.064,43.247602,-0.384973,92.9,34.2,1.015,14.6,87.5,297.7,2.9,287.6,2.4,0.0,0.0,0.0,0.0,0.0,0.0,0.0,0.0,0.0,0.0,0.0,0.0,0.0,0.0,0.0,0.0,0.0,999.0,0.0,0.0,0.0,0.0,0.0,0.0,0.0,0.0,0.0,0.0,0.0,0.0,0.0
107,1570007569000,107,1.01,888888.0,9.0,17.0,0.16,1.008,20.043,43.247602,-0.384973,92.9,34.2,1.015,14.6,87.5,297.7,2.9,287.6,2.4,0.0,0.0,0.0,0.0,0.0,0.0,0.0,0.0,0.0,0.0,0.0,0.0,0.0,0.0,0.0,0.0,0.0,999.0,0.0,0.0,0.0,0.0,0.0,0.0,0.0,0.0,0.0,0.0,0.0,0.0,0.0
108,1570007570000,108,1.01,888888.0,9.0,17.0,0.16,1.008,20.043,43.247602,-0.384973,92.9,34.2,1.015,14.6,87.5,297.7,2.9,287.6,2.4,0.0,0.0,0.0,0.0,0.0,0.0,0.0,0.0,0.0,0.0,0.0,0.0,0.0,0.0,0.0,0.0,0.0,999.0,0.0,0.0,0.0,0.0,0.0,0.0,0.0,0.0,0.0,0.0,0.0,0.0,0.0
109,1570007571000,109,1.01,888888.0,9.0,17.0,0.15,1.008,20.064,43.247601,-0.384973,92.9,34.1,1.015,14.6,87.5,304.0,2.3,306.8,2.5,0.0,0.0,0.0,0.0,0.0,0.0,0.0,0.0,0.0,0.0,0.0,0.0,0.0,0.0,0.0,0.0,0.0,999.0,0.0,0.0,0.0,0.0,0.0,0.0,0.0,0.0,0.0,0.0,0.0,0.0,0.0
110,1570007572000,110,1.01,888888.0,9.0,17.0,0.16,1.008,20.043,43.247601,-0.384973,92.9,34.1,1.015,14.6,87.5,304.0,2.3,306.8,2.5,0.0,0.0,0.0,0.0,0.0,0.0,0.0,0.0,0.0,0.0,0.0,0.0,0.0,0.0,0.0,0.0,0.0,999.0,0.0,0.0,0.0,0.0,0.0,0.0,0.0,0.0,0.0,0.0,0.0,0.0,0.0
111,1570007573000,111,1.01,888888.0,9.0,17.0,0.16,1.008,20.053,43.247601,-0.384973,92.9,34.1,1.015,14.6,87.5,304.0,2.3,306.8,2.5,0.0,0.0,0.0,0.0,0.0,0.0,0.0,0.0,0.0,0.0,0.0,0.0,0.0,0.0,0.0,0.0,0.0,999.0,0.0,0.0,0.0,0.0,0.0,0.0,0.0,0.0,0.0,0.0,0.0,0.0,0.0
112,1570007574000,112,1.01,888888.0,9.0,17.0,0.16,1.008,20.064,43.247601,-0.384973,93.0,34.1,1.015,14.6,87.5,301.3,2.0,298.0,1.9,0.0,0.0,0.0,0.0,0.0,0.0,0.0,0.0,0.0,0.0,0.0,0.0,0.0,0.0,0.0,0.0,0.0,999.0,0.0,0.0,0.0,0.0,0.0,0.0,0.0,0.0,0.0,0.0,0.0,0.0,0.0
113,1570007575000,113,1.01,888888.0,9.0,17.0,0.17,1.008,20.075,43.247601,-0.384973,93.0,34.1,1.015,14.6,87.5,301.3,2.0,298.0,1.9,0.0,0.0,0.0,0.0,0.0,0.0,0.0,0.0,0.0,0.0,0.0,0.0,0.0,0.0,0.0,0.0,0.0,999.0,0.0,0.0,0.0,0.0,0.0,0.0,0.0,0.0,0.0,0.0,0.0,0.0,0.0
114,1570007576000,114,1.01,888888.0,9.0,17.0,0.18,1.008,20.075,43.247601,-0.384973,93.0,34.1,1.015,14.6,87.5,301.3,2.0,298.0,1.9,0.0,0.0,0.0,0.0,0.0,0.0,0.0,0.0,0.0,0.0,0.0,0.0,0.0,0.0,0.0,0.0,0.0,999.0,0.0,0.0,0.0,0.0,0.0,0.0,0.0,0.0,0.0,0.0,0.0,0.0,0.0
115,1570007577000,115,1.01,888888.0,9.0,17.0,0.15,1.008,20.064,43.2476,-0.384972,92.9,34.2,1.015,14.6,87.5,300.7,2.5,299.8,2.4,0.0,0.0,0.0,0.0,0.0,0.0,0.0,0.0,0.0,0.0,0.0,0.0,0.0,0.0,0.0,0.0,0.0,999.0,0.0,0.0,0.0,0.0,0.0,0.0,0.0,0.0,0.0,0.0,0.0,0.0,0.0
116,1570007578000,116,1.01,888888.0,9.0,17.0,0.16,1.008,20.075,43.2476,-0.384972,92.9,34.2,1.015,14.6,87.5,300.7,2.5,299.8,2.4,0.0,0.0,0.0,0.0,0.0,0.0,0.0,0.0,0.0,0.0,0.0,0.0,0.0,0.0,0.0,0.0,0.0,999.0,0.0,0.0,0.0,0.0,0.0,0.0,0.0,0.0,0.0,0.0,0.0,0.0,0.0
117,1570007579000,117,1.01,888888.0,9.0,17.0,0.15,1.008,20.064,43.2476,-0.384972,92.9,34.2,1.015,14.6,87.5,300.7,2.5,299.8,2.4,0.0,0.0,0.0,0.0,0.0,0.0,0.0,0.0,0.0,0.0,0.0,0.0,0.0,0.0,0.0,0.0,0.0,999.0,0.0,0.0,0.0,0.0,0.0,0.0,0.0,0.0,0.0,0.0,0.0,0.0,0.0
118,1570007580000,118,1.01,888888.0,9.0,17.0,0.17,1.008,20.075,43.2476,-0.384971,92.7,34.2,1.015,14.6,87.5,306.3,2.9,301.4,2.9,0.0,0.0,0.0,0.0,0.0,0.0,0.0,0.0,0.0,0.0,0.0,0.0,0.0,0.0,0.0,0.0,0.0,999.0,0.0,0.0,0.0,0.0,0.0,0.0,0.0,0.0,0.0,0.0,0.0,0.0,0.0
119,1570007581000,119,1.01,888888.0,9.0,17.0,0.16,1.008,20.075,43.2476,-0.384971,92.7,34.2,1.015,14.6,87.5,306.3,2.9,301.4,2.9,0.0,0.0,0.0,0.0,0.0,0.0,0.0,0.0,0.0,0.0,0.0,0.0,0.0,0.0,0.0,0.0,0.0,999.0,0.0,0.0,0.0,0.0,0.0,0.0,0.0,0.0,0.0,0.0,0.0,0.0,0.0
120,1570007582000,120,1.01,888888.0,9.0,17.0,0.17,1.008,20.075,43.2476,-0.384971,92.7,34.2,1.015,14.6,87.5,306.3,2.9,301.4,2.9,0.0,0.0,0.0,0.0,0.0,0.0,0.0,0.0,0.0,0.0,0.0,0.0,0.0,0.0,0.0,0.0,0.0,999.0,0.0,0.0,0.0,0.0,0.0,0.0,0.0,0.0,0.0,0.0,0.0,0.0,0.0
121,1570007583000,121,1.01,888888.0,9.0,17.0,0.17,1.008,20.086,43.2476,-0.384972,92.5,34.2,1.015,14.6,87.5,296.0,3.1,297.3,2.7,0.0,0.0,0.0,0.0,0.0,0.0,0.0,0.0,0.0,0.0,0.0,0.0,0.0,0.0,0.0,0.0,0.0,999.0,0.0,0.0,0.0,0.0,0.0,0.0,0.0,0.0,0.0,0.0,0.0,0.0,0.0
122,1570007584000,122,1.01,888888.0,9.0,17.0,0.16,1.008,20.075,43.2476,-0.384972,92.5,34.2,1.015,14.6,87.5,296.0,3.1,297.3,2.7,0.0,0.0,0.0,0.0,0.0,0.0,0.0,0.0,0.0,0.0,0.0,0.0,0.0,0.0,0.0,0.0,0.0,999.0,0.0,0.0,0.0,0.0,0.0,0.0,0.0,0.0,0.0,0.0,0.0,0.0,0.0
123,1570007585000,123,1.01,888888.0,9.0,17.0,0.15,1.008,20.075,43.2476,-0.384972,92.5,34.2,1.015,14.6,87.5,296.0,3.1,297.3,2.7,0.0,0.0,0.0,0.0,0.0,0.0,0.0,0.0,0.0,0.0,0.0,0.0,0.0,0.0,0.0,0.0,0.0,999.0,0.0,0.0,0.0,0.0,0.0,0.0,0.0,0.0,0.0,0.0,0.0,0.0,0.0
124,1570007586000,124,1.01,888888.0,9.0,17.0,0.16,1.008,20.075,43.2476,-0.384972,92.2,34.2,1.015,14.6,87.5,302.6,3.1,304.0,3.1,0.0,0.0,0.0,0.0,0.0,0.0,0.0,0.0,0.0,0.0,0.0,0.0,0.0,0.0,0.0,0.0,0.0,999.0,0.0,0.0,0.0,0.0,0.0,0.0,0.0,0.0,0.0,0.0,0.0,0.0,0.0
125,1570007587000,125,1.01,888888.0,9.0,17.0,0.16,1.008,20.075,43.2476,-0.384972,92.2,34.2,1.015,14.6,87.5,302.6,3.1,304.0,3.1,0.0,0.0,0.0,0.0,0.0,0.0,0.0,0.0,0.0,0.0,0.0,0.0,0.0,0.0,0.0,0.0,0.0,999.0,0.0,0.0,0.0,0.0,0.0,0.0,0.0,0.0,0.0,0.0,0.0,0.0,0.0
126,1570007588000,126,1.01,888888.0,9.0,17.0,0.17,1.008,20.086,43.2476,-0.384972,92.2,34.2,1.015,14.6,87.5,302.6,3.1,304.0,3.1,0.0,0.0,0.0,0.0,0.0,0.0,0.0,0.0,0.0,0.0,0.0,0.0,0.0,0.0,0.0,0.0,0.0,999.0,0.0,0.0,0.0,0.0,0.0,0.0,0.0,0.0,0.0,0.0,0.0,0.0,0.0
127,1570007589000,127,1.01,888888.0,9.0,17.0,0.16,1.008,20.097,43.247601,-0.384972,91.9,34.3,1.015,14.6,87.6,283.0,3.2,284.7,3.1,0.0,0.0,0.0,0.0,0.0,0.0,0.0,0.0,0.0,0.0,0.0,0.0,0.0,0.0,0.0,0.0,0.0,999.0,0.0,0.0,0.0,0.0,0.0,0.0,0.0,0.0,0.0,0.0,0.0,0.0,0.0
128,1570007590000,128,1.01,888888.0,9.0,17.0,0.16,1.008,20.075,43.247601,-0.384972,91.9,34.3,1.015,14.6,87.6,283.0,3.2,284.7,3.1,0.0,0.0,0.0,0.0,0.0,0.0,0.0,0.0,0.0,0.0,0.0,0.0,0.0,0.0,0.0,0.0,0.0,999.0,0.0,0.0,0.0,0.0,0.0,0.0,0.0,0.0,0.0,0.0,0.0,0.0,0.0
129,1570007591000,129,1.01,888888.0,9.0,17.0,0.15,1.008,20.075,43.247601,-0.384972,91.9,34.3,1.015,14.6,87.6,283.0,3.2,284.7,3.1,0.0,0.0,0.0,0.0,0.0,0.0,0.0,0.0,0.0,0.0,0.0,0.0,0.0,0.0,0.0,0.0,0.0,999.0,0.0,0.0,0.0,0.0,0.0,0.0,0.0,0.0,0.0,0.0,0.0,0.0,0.0
130,1570007592000,130,1.01,888888.0,9.0,17.0,0.17,1.008,20.086,43.247601,-0.384972,91.7,34.1,1.015,14.6,87.5,275.5,2.5,278.4,2.7,0.0,0.0,0.0,0.0,0.0,0.0,0.0,0.0,0.0,0.0,0.0,0.0,0.0,0.0,0.0,0.0,0.0,999.0,0.0,0.0,0.0,0.0,0.0,0.0,0.0,0.0,0.0,0.0,0.0,0.0,0.0
131,1570007593000,131,1.01,888888.0,9.0,17.0,0.16,1.008,20.097,43.247601,-0.384972,91.7,34.1,1.015,14.6,87.5,275.5,2.5,278.4,2.7,0.0,0.0,0.0,0.0,0.0,0.0,0.0,0.0,0.0,0.0,0.0,0.0,0.0,0.0,0.0,0.0,0.0,999.0,0.0,0.0,0.0,0.0,0.0,0.0,0.0,0.0,0.0,0.0,0.0,0.0,0.0
132,1570007594000,132,1.01,888888.0,9.0,17.0,0.16,1.008,20.086,43.247601,-0.384972,91.7,34.1,1.015,14.6,87.5,275.5,2.5,278.4,2.7,0.0,0.0,0.0,0.0,0.0,0.0,0.0,0.0,0.0,0.0,0.0,0.0,0.0,0.0,0.0,0.0,0.0,999.0,0.0,0.0,0.0,0.0,0.0,0.0,0.0,0.0,0.0,0.0,0.0,0.0,0.0
